photo,correct_classification,classical_2,score
WIN_20220701_14_33_18_Pro_jpg.rf.7gy59lP27sUlLgC1DpZ4.jpg [aug#2],1,0,0.0
WIN_20220701_14_33_31_Pro_jpg.rf.v8ErefkqeyIHfYxG72ak.jpg [aug#1],1,0,0.0
WIN_20220701_14_33_31_Pro_jpg.rf.v8ErefkqeyIHfYxG72ak.jpg [aug#2],1,0,0.0
WIN_20220701_14_36_32_Pro_jpg.rf.OtdQkmWtNrcgg5gEhzzq.jpg [aug#1],3,0,0.0
WIN_20220701_14_36_32_Pro_jpg.rf.OtdQkmWtNrcgg5gEhzzq.jpg [aug#2],3,0,0.0
WIN_20220701_14_39_32_Pro_jpg.rf.xx1DpwWR2tfSvjgWvSXg.jpg [aug#1],3,2,0.0
WIN_20220701_14_39_57_Pro_jpg.rf.sxDTRfxThYWD26ChWX9A.jpg [aug#2],3,4,0.0
WIN_20220701_14_40_15_Pro_jpg.rf.yYYgMjb0wAR6pwydYqyj.jpg [aug#1],3,0,0.0
WIN_20220701_14_40_15_Pro_jpg.rf.yYYgMjb0wAR6pwydYqyj.jpg [aug#2],3,0,0.0
WIN_20220701_14_41_28_Pro_jpg.rf.3MMHtFjezHu1TrKdOxpI.jpg [aug#1],3,2,0.0
WIN_20220701_14_41_28_Pro_jpg.rf.3MMHtFjezHu1TrKdOxpI.jpg [aug#2],3,0,0.0
WIN_20220701_14_43_49_Pro_jpg.rf.wH8ZxV8DqdnSlv9QBTvz.jpg [aug#2],3,0,0.0
WIN_20220701_14_44_09_Pro_jpg.rf.x23kGPzRNCCRxarKTPTR.jpg [aug#2],3,2,0.0
WIN_20220701_14_44_18_Pro_jpg.rf.NhnHYAexHHkuun9ERDRh.jpg [aug#1],3,0,0.0
WIN_20220701_14_44_27_Pro_jpg.rf.YlMQdxERuCFFdDs6GFwv.jpg [aug#1],3,0,0.0
WIN_20220701_14_44_27_Pro_jpg.rf.YlMQdxERuCFFdDs6GFwv.jpg [aug#2],3,0,0.0
WIN_20220701_14_44_57_Pro_jpg.rf.8L3kBiA9xP3FWTuqAg4U.jpg [aug#1],3,2,0.0
WIN_20220701_14_44_57_Pro_jpg.rf.8L3kBiA9xP3FWTuqAg4U.jpg [aug#2],3,1,0.0
WIN_20220701_14_45_03_Pro_jpg.rf.kVUkWUT7TRqRGW9Du1Lj.jpg [aug#2],0,2,0.0
WIN_20220701_14_45_21_Pro_jpg.rf.llxX6G7kc67yFWIhfhtL.jpg [aug#1],0,1,0.0
WIN_20220701_14_45_21_Pro_jpg.rf.llxX6G7kc67yFWIhfhtL.jpg [aug#2],0,2,0.0
WIN_20220701_14_45_35_Pro_jpg.rf.QfSHJIGYD1VjD2OEjJ0q.jpg [aug#1],0,2,0.0
WIN_20220701_14_45_35_Pro_jpg.rf.QfSHJIGYD1VjD2OEjJ0q.jpg [aug#2],0,3,0.0
WIN_20220701_14_46_41_Pro_jpg.rf.ef1pd4UDlZosFyVb1XIz.jpg [aug#1],0,2,0.0
WIN_20220701_14_46_53_Pro_jpg.rf.Y3emC0inmEZQ4cTynS1P.jpg [aug#2],0,1,0.0
WIN_20220701_14_46_58_Pro_jpg.rf.KWVVOEKgG9mLIwjtg1Cw.jpg [aug#1],0,1,0.0
WIN_20220701_14_46_58_Pro_jpg.rf.KWVVOEKgG9mLIwjtg1Cw.jpg [aug#2],0,1,0.0
WIN_20220701_14_49_02_Pro_jpg.rf.ZuzOXKo4IpM62BNcU8xJ.jpg [aug#1],1;3,4,0.0
WIN_20220701_14_49_02_Pro_jpg.rf.ZuzOXKo4IpM62BNcU8xJ.jpg [aug#2],1;3,0,0.0
WIN_20220701_14_50_15_Pro_jpg.rf.1UrzIbGhSedHB83nRnBk.jpg [aug#1],3,2,0.0
WIN_20220701_14_50_28_Pro_jpg.rf.ZFUkdLQKu5szngbFbkjN.jpg [aug#1],3,2,0.0
WIN_20220701_14_50_28_Pro_jpg.rf.ZFUkdLQKu5szngbFbkjN.jpg [aug#2],3,2,0.0
WIN_20220701_14_50_36_Pro_jpg.rf.KiRo24HKXhIGFxzguCiq.jpg [aug#1],3;1,1,0.5
WIN_20220701_14_50_36_Pro_jpg.rf.KiRo24HKXhIGFxzguCiq.jpg [aug#2],3;1,2,0.0
WIN_20220701_14_51_37_Pro_jpg.rf.0P57DLPI0a8CJ3FiiETX.jpg [aug#1],3,0,0.0
WIN_20220701_14_51_37_Pro_jpg.rf.0P57DLPI0a8CJ3FiiETX.jpg [aug#2],3,0,0.0
WIN_20220701_14_51_47_Pro_jpg.rf.iNLPCKYMqohErwF68qYG.jpg [aug#1],0;3,0,0.5
WIN_20220701_14_51_47_Pro_jpg.rf.iNLPCKYMqohErwF68qYG.jpg [aug#2],0;3,3,0.5
WIN_20220701_14_52_01_Pro_jpg.rf.J73EPhR7YYeAnNeMtIiV.jpg [aug#1],0;3,0,0.5
WIN_20220701_14_52_01_Pro_jpg.rf.J73EPhR7YYeAnNeMtIiV.jpg [aug#2],0;3,3,0.5
WIN_20220701_14_52_08_Pro_jpg.rf.0pQoUppKoOtLOV8oTvfM.jpg [aug#1],0;3,3,0.5
WIN_20220701_14_52_08_Pro_jpg.rf.0pQoUppKoOtLOV8oTvfM.jpg [aug#2],0;3,3,0.5
WIN_20220701_14_52_15_Pro_jpg.rf.hlzA07fOwTP2dG5VHZWQ.jpg [aug#1],0;3,3,0.5
WIN_20220701_14_52_15_Pro_jpg.rf.hlzA07fOwTP2dG5VHZWQ.jpg [aug#2],0;3,0,0.5
WIN_20220701_14_53_43_Pro_jpg.rf.7XqThgWYxYtXYsE4i2QU.jpg [aug#1],0,1,0.0
WIN_20220701_14_53_48_Pro_jpg.rf.TpwDqE6SdCSXGscFshRV.jpg [aug#1],0,3,0.0
WIN_20220701_14_54_11_Pro_jpg.rf.k8CFRKF2NpAoqK4ty2jt.jpg [aug#1],0,3,0.0
WIN_20220701_14_54_11_Pro_jpg.rf.k8CFRKF2NpAoqK4ty2jt.jpg [aug#2],0,2,0.0
WIN_20220701_14_54_20_Pro_jpg.rf.OjmnxwAcH6twTveR8oQ9.jpg [aug#2],0,1,0.0
WIN_20220701_14_54_29_Pro_jpg.rf.6Hlp4BBnSqNFZfbkIiiL.jpg [aug#1],0,2,0.0
WIN_20220701_14_55_04_Pro_jpg.rf.tHiwZpvwK1CGc5l2h5QD.jpg [aug#1],1,0,0.0
WIN_20220701_14_55_04_Pro_jpg.rf.tHiwZpvwK1CGc5l2h5QD.jpg [aug#2],1,0,0.0
WIN_20220701_14_55_12_Pro_jpg.rf.mCtOzKdRp94wNFXF2UcB.jpg [aug#1],1,3,0.0
WIN_20220701_14_55_12_Pro_jpg.rf.mCtOzKdRp94wNFXF2UcB.jpg [aug#2],1,4,0.0
WIN_20220701_14_55_19_Pro_jpg.rf.ozrA09DapCp1fgk2PHVN.jpg [aug#1],3,0,0.0
WIN_20220701_14_55_19_Pro_jpg.rf.ozrA09DapCp1fgk2PHVN.jpg [aug#2],3,0,0.0
WIN_20220701_14_55_32_Pro_jpg.rf.DJBLRuZKiQf254NDKVg4.jpg [aug#1],1,0,0.0
WIN_20220701_14_55_32_Pro_jpg.rf.DJBLRuZKiQf254NDKVg4.jpg [aug#2],1,0,0.0
WIN_20220701_14_59_00_Pro_jpg.rf.Lj8gcmW5jGSjgZ1eFeXT.jpg [aug#1],3;1,0,0.0
WIN_20220701_14_59_00_Pro_jpg.rf.Lj8gcmW5jGSjgZ1eFeXT.jpg [aug#2],3;1,0,0.0
WIN_20220701_14_59_08_Pro_jpg.rf.3ps2gRj5hLYohuQCg83Q.jpg [aug#1],1;3,0,0.0
WIN_20220701_14_59_08_Pro_jpg.rf.3ps2gRj5hLYohuQCg83Q.jpg [aug#2],1;3,0,0.0
WIN_20220701_14_59_15_Pro_jpg.rf.yZie3LRYGVcDwz85Uqnd.jpg [aug#1],3;1,0,0.0
WIN_20220701_14_59_15_Pro_jpg.rf.yZie3LRYGVcDwz85Uqnd.jpg [aug#2],3;1,2,0.0
WIN_20220701_14_59_20_Pro_jpg.rf.Rlk0LOXRHDjb7fDVF6HU.jpg [aug#1],3,2,0.0
WIN_20220701_14_59_20_Pro_jpg.rf.Rlk0LOXRHDjb7fDVF6HU.jpg [aug#2],3,0,0.0
WIN_20220701_15_00_11_Pro_jpg.rf.G8tHwy0PsG01becjcuOb.jpg [aug#2],3,0,0.0
WIN_20220701_15_00_19_Pro_jpg.rf.AcMKcpGNYAQBeUyYl0kb.jpg [aug#1],3,0,0.0
WIN_20220701_15_00_29_Pro_jpg.rf.YYPGUKIwnV9Kg5zzwj9l.jpg [aug#1],3,2,0.0
WIN_20220701_15_00_29_Pro_jpg.rf.YYPGUKIwnV9Kg5zzwj9l.jpg [aug#2],3,0,0.0
WIN_20220701_15_10_51_Pro_jpg.rf.LUKu6XfOmbEtjVEGCiaj.jpg [aug#1],3;1,2,0.0
WIN_20220701_15_10_51_Pro_jpg.rf.LUKu6XfOmbEtjVEGCiaj.jpg [aug#2],3;1,0,0.0
WIN_20220701_15_11_04_Pro_jpg.rf.WYCKKEPtsUzxtdO1gKMB.jpg [aug#1],1;3,2,0.0
WIN_20220701_15_11_04_Pro_jpg.rf.WYCKKEPtsUzxtdO1gKMB.jpg [aug#2],1;3,0,0.0
WIN_20220701_15_11_30_Pro_jpg.rf.B2KJlydwTMZDX5CeqQMJ.jpg [aug#1],3;1,0,0.0
WIN_20220701_15_11_30_Pro_jpg.rf.B2KJlydwTMZDX5CeqQMJ.jpg [aug#2],3;1,0,0.0
WIN_20220701_15_11_46_Pro_jpg.rf.KohC3b5BwKamW9YvGbG3.jpg [aug#1],3;1,2,0.0
WIN_20220701_15_11_46_Pro_jpg.rf.KohC3b5BwKamW9YvGbG3.jpg [aug#2],3;1,0,0.0
WIN_20220701_15_12_22_Pro_jpg.rf.gEmS9sr8xouRegG7C8jS.jpg [aug#1],3;1,0,0.0
WIN_20220701_15_12_22_Pro_jpg.rf.gEmS9sr8xouRegG7C8jS.jpg [aug#2],3;1,0,0.0
WIN_20220701_15_13_06_Pro_jpg.rf.xMW5HhZhB1z222CNEU8m.jpg [aug#1],1;3;1,3,0.5
WIN_20220701_15_13_06_Pro_jpg.rf.xMW5HhZhB1z222CNEU8m.jpg [aug#2],1;3;1,3,0.5
WIN_20220701_15_15_09_Pro_jpg.rf.nmkKgbtd416kxkMVGIlu.jpg [aug#1],3,2,0.0
WIN_20220701_15_15_09_Pro_jpg.rf.nmkKgbtd416kxkMVGIlu.jpg [aug#2],3,0,0.0
WIN_20220701_15_15_18_Pro_jpg.rf.kn90VKkZ4qeag5D6vfYF.jpg [aug#1],3,0,0.0
WIN_20220701_15_15_23_Pro_jpg.rf.zYRygKJd2FabQ0CEK3oO.jpg [aug#1],3,0,0.0
WIN_20220701_15_16_56_Pro_jpg.rf.uHCYQg01Ytd7UgJRdXnq.jpg [aug#1],0,4,0.0
WIN_20220701_15_16_56_Pro_jpg.rf.uHCYQg01Ytd7UgJRdXnq.jpg [aug#2],0,2,0.0
WIN_20220701_15_17_07_Pro_jpg.rf.J6IIBVF05gmG3joX8CAI.jpg [aug#1],0,3,0.0
WIN_20220701_15_17_07_Pro_jpg.rf.J6IIBVF05gmG3joX8CAI.jpg [aug#2],0,2,0.0
WIN_20220701_15_17_23_Pro_jpg.rf.zXuxMFBWZJ2jsB2zQxMt.jpg [aug#1],0,3,0.0
WIN_20220701_15_17_23_Pro_jpg.rf.zXuxMFBWZJ2jsB2zQxMt.jpg [aug#2],0,3,0.0
WIN_20220701_15_17_35_Pro_jpg.rf.hr8dG5AjRTY5asQXTXOc.jpg [aug#1],0,4,0.0
WIN_20220701_15_17_35_Pro_jpg.rf.hr8dG5AjRTY5asQXTXOc.jpg [aug#2],0,2,0.0
WIN_20220701_15_17_43_Pro_jpg.rf.W4q3f9RkEYE7v3jfhckB.jpg [aug#1],0,3,0.0
WIN_20220701_15_17_43_Pro_jpg.rf.W4q3f9RkEYE7v3jfhckB.jpg [aug#2],0,3,0.0
WIN_20220701_15_20_11_Pro_jpg.rf.qDeAhwNBVJW766Qgztz6.jpg [aug#1],3,0,0.0
WIN_20220701_15_20_11_Pro_jpg.rf.qDeAhwNBVJW766Qgztz6.jpg [aug#2],3,0,0.0
WIN_20220701_15_20_24_Pro_jpg.rf.bUezSW64PUtOa7EQ0bW9.jpg [aug#1],3,0,0.0
WIN_20220701_15_20_24_Pro_jpg.rf.bUezSW64PUtOa7EQ0bW9.jpg [aug#2],3,2,0.0
WIN_20220701_15_20_31_Pro_jpg.rf.JDA2HJP9cej3F0Ndc0fH.jpg [aug#2],3,2,0.0
WIN_20220701_15_43_18_Pro_jpg.rf.A9TURso4TK3vkcEwq7cO.jpg [aug#1],3,0,0.0
WIN_20220701_15_43_23_Pro_jpg.rf.6W5KLshqhS9MwHX09U2M.jpg [aug#2],3,2,0.0
WIN_20220701_15_44_06_Pro_jpg.rf.wyaTTO7GEVqUpLeGP8eS.jpg [aug#2],3,2,0.0
WIN_20220701_15_49_09_Pro_jpg.rf.ndCK5GJaQ19SQkMxOvIt.jpg [aug#2],3,2,0.0
WIN_20220701_15_49_15_Pro_jpg.rf.euVgbWXG8hqCXaVNMZUS.jpg [aug#2],3,0,0.0
WIN_20220701_15_49_20_Pro_jpg.rf.ZM09qUe2MYA1sGi7C09k.jpg [aug#1],3,2,0.0
WIN_20220701_15_49_20_Pro_jpg.rf.ZM09qUe2MYA1sGi7C09k.jpg [aug#2],3,0,0.0
WIN_20220701_15_50_08_Pro_jpg.rf.Ny4VIQbGBGy5wijbVe2K.jpg [aug#1],3;1,2,0.0
WIN_20220701_15_50_08_Pro_jpg.rf.Ny4VIQbGBGy5wijbVe2K.jpg [aug#2],3;1,2,0.0
WIN_20220701_15_50_15_Pro_jpg.rf.S1rWXmopFdPxwY1M6seU.jpg [aug#1],3;1,0,0.0
WIN_20220701_15_50_15_Pro_jpg.rf.S1rWXmopFdPxwY1M6seU.jpg [aug#2],3;1,0,0.0
WIN_20220701_15_50_29_Pro_jpg.rf.xiwrI1crG9nLno6cHyoe.jpg [aug#1],3;1,2,0.0
WIN_20220701_15_50_29_Pro_jpg.rf.xiwrI1crG9nLno6cHyoe.jpg [aug#2],3;1,0,0.0
WIN_20220701_15_51_12_Pro_jpg.rf.X6mV6uLRsUlWzB0amUoD.jpg [aug#1],3,0,0.0
WIN_20220701_15_51_12_Pro_jpg.rf.X6mV6uLRsUlWzB0amUoD.jpg [aug#2],3,2,0.0
WIN_20220701_15_53_56_Pro_jpg.rf.Luekxp5BxXio6li9Qady.jpg [aug#1],3,0,0.0
WIN_20220701_15_53_56_Pro_jpg.rf.Luekxp5BxXio6li9Qady.jpg [aug#2],3,2,0.0
WIN_20220701_15_54_07_Pro_jpg.rf.4HX4H4rB4mym77ddSjq4.jpg [aug#2],3,0,0.0
WIN_20220701_15_54_15_Pro_jpg.rf.aDNPodVY5c3fWVn7A9Qj.jpg [aug#1],3,2,0.0
WIN_20220701_15_54_15_Pro_jpg.rf.aDNPodVY5c3fWVn7A9Qj.jpg [aug#2],3,4,0.0
WIN_20220701_15_54_26_Pro_jpg.rf.Fo7lytp0qwEbAGO7eciA.jpg [aug#1],3,0,0.0
WIN_20220701_15_54_26_Pro_jpg.rf.Fo7lytp0qwEbAGO7eciA.jpg [aug#2],3,0,0.0
WIN_20220701_15_54_49_Pro_jpg.rf.OpocdqmpUJrl4PECrdgt.jpg [aug#1],3,0,0.0
WIN_20220701_15_54_49_Pro_jpg.rf.OpocdqmpUJrl4PECrdgt.jpg [aug#2],3,0,0.0
WIN_20220701_15_54_57_Pro_jpg.rf.piTgO46mwG4wW9wBzqa3.jpg [aug#1],3,0,0.0
WIN_20220701_15_55_04_Pro_jpg.rf.iThGu3mY1IQaYmLTdYM8.jpg [aug#1],3,0,0.0
WIN_20220701_15_55_04_Pro_jpg.rf.iThGu3mY1IQaYmLTdYM8.jpg [aug#2],3,1,0.0
WIN_20220701_16_03_08_Pro_jpg.rf.lTihv7bvB2lymKsWTVJh.jpg [aug#1],2,3,0.0
WIN_20220701_16_03_19_Pro_jpg.rf.Cb1wQyGpxHnjybRKq3zn.jpg [aug#2],2,3,0.0
WIN_20220701_16_03_47_Pro_jpg.rf.TeJPL6lv9oYwsP0ggGMS.jpg [aug#2],2,1,0.0
WIN_20220701_16_03_57_Pro_jpg.rf.FTGEdjVvoGKRPgkPrD88.jpg [aug#1],2,0,0.0
WIN_20220701_16_03_57_Pro_jpg.rf.FTGEdjVvoGKRPgkPrD88.jpg [aug#2],2,0,0.0
WIN_20220701_16_04_46_Pro_jpg.rf.tw2VFfVTYefNkOnlh3vd.jpg [aug#1],2,0,0.0
WIN_20220701_16_04_46_Pro_jpg.rf.tw2VFfVTYefNkOnlh3vd.jpg [aug#2],2,0,0.0
WIN_20220701_16_04_58_Pro_jpg.rf.3qmZ4Ql8miwtqrXuRmRw.jpg [aug#2],2,3,0.0
WIN_20220701_16_05_09_Pro_jpg.rf.Xp2OJx7OKGnwjyKpEJYE.jpg [aug#2],2,0,0.0
WIN_20220701_16_07_22_Pro_jpg.rf.jMDxRU7U9NqasySQkWS3.jpg [aug#1],2,0,0.0
WIN_20220701_16_07_44_Pro_jpg.rf.TMlUE6saf18Fe05vH9P7.jpg [aug#2],2,0,0.0
WIN_20220701_16_08_12_Pro_jpg.rf.dKnG4G0dzBiZWyYcdlnS.jpg [aug#1],2,0,0.0
WIN_20220701_16_08_18_Pro_jpg.rf.0enEgvE9XU4rGTreqZOU.jpg [aug#1],2,1,0.0
WIN_20220701_16_08_29_Pro_jpg.rf.ePAR2W2q7YmeFDRBEfnc.jpg [aug#2],2,4,0.0
WIN_20220701_16_09_12_Pro_jpg.rf.oQPT7l33Nq9AeYKqQzC5.jpg [aug#1],2,0,0.0
WIN_20220701_16_09_18_Pro_jpg.rf.UzDShKkCPIxMFMmUTJR3.jpg [aug#1],2,0,0.0
WIN_20220701_16_09_18_Pro_jpg.rf.UzDShKkCPIxMFMmUTJR3.jpg [aug#2],2,0,0.0
WIN_20220701_16_09_23_Pro_jpg.rf.LWa2Z8jhju6Ggc9V4VmS.jpg [aug#1],2,0,0.0
WIN_20220701_16_10_04_Pro_jpg.rf.AHbwFFMLSRPPJvfBnOCI.jpg [aug#1],2,3,0.0
WIN_20220701_16_10_04_Pro_jpg.rf.AHbwFFMLSRPPJvfBnOCI.jpg [aug#2],2,3,0.0
WIN_20220701_16_10_12_Pro_jpg.rf.geC9JNB5DZCmSDNAzIy4.jpg [aug#1],2,3,0.0
WIN_20220701_16_10_12_Pro_jpg.rf.geC9JNB5DZCmSDNAzIy4.jpg [aug#2],2,3,0.0
WIN_20220701_16_10_19_Pro_jpg.rf.fWORCdKzEGW8gE4Y0YtF.jpg [aug#2],2,0,0.0
WIN_20220701_16_10_53_Pro_jpg.rf.sKM8TCPASk0LFR2Qiniw.jpg [aug#1],2,1,0.0
WIN_20220701_16_10_59_Pro_jpg.rf.2O91s54X6mU6IvTaMq2S.jpg [aug#1],2,0,0.0
WIN_20220701_16_11_02_Pro_jpg.rf.11Uv4atmCzzmeaMKBs1l.jpg [aug#1],2,0,0.0
WIN_20220701_16_11_02_Pro_jpg.rf.11Uv4atmCzzmeaMKBs1l.jpg [aug#2],2,3,0.0
WIN_20220701_16_11_22_Pro_jpg.rf.rxCcySuGrvDUjHrSRzD2.jpg [aug#2],2,3,0.0
WIN_20220701_16_11_28_Pro_jpg.rf.81KyVMnwsgf6nUcsIOTy.jpg [aug#1],2,0,0.0
WIN_20220701_16_11_45_Pro_jpg.rf.OL4jKxKt22w2oQc2k7lT.jpg [aug#2],2,0,0.0
WIN_20220701_16_11_57_Pro_jpg.rf.vwmqgiAxrAI7sjqpnQAB.jpg [aug#1],2,0,0.0
WIN_20220701_16_11_57_Pro_jpg.rf.vwmqgiAxrAI7sjqpnQAB.jpg [aug#2],2,3,0.0
WIN_20220701_16_12_24_Pro_jpg.rf.4xYso9zCYLd8zfXrleIF.jpg [aug#2],2,0,0.0
WIN_20220701_16_12_33_Pro_jpg.rf.LztvOYlo38iawFl3VOQE.jpg [aug#1],2,3,0.0
WIN_20220701_16_12_33_Pro_jpg.rf.LztvOYlo38iawFl3VOQE.jpg [aug#2],2,3,0.0
WIN_20220701_16_12_40_Pro_jpg.rf.NnL3YrbL2LwrbTwyHT1h.jpg [aug#1],2,0,0.0
WIN_20220701_16_13_52_Pro_jpg.rf.owh5extciKOtm9kAvMzr.jpg [aug#2],2,3,0.0
WIN_20220701_16_13_59_Pro_jpg.rf.C2pwebuwod0uE2N8iGec.jpg [aug#2],2,0,0.0
WIN_20220701_16_14_03_Pro_jpg.rf.nrxr428qa7799Ey5Euwb.jpg [aug#2],2,3,0.0
WIN_20220701_16_14_24_Pro_jpg.rf.7mbYwvk2PsMAlbwRPsmz.jpg [aug#2],2,0,0.0
WIN_20220701_16_14_44_Pro_jpg.rf.GMjkX7TOcAYHmYD35VGF.jpg [aug#1],2,3,0.0
WIN_20220701_16_14_44_Pro_jpg.rf.GMjkX7TOcAYHmYD35VGF.jpg [aug#2],2,0,0.0
WIN_20220701_16_15_13_Pro_jpg.rf.WkAYiaSwDJ6kZyuxG0NU.jpg [aug#2],2,0,0.0
WIN_20220701_16_15_17_Pro_jpg.rf.H6NdPRqcLnZkrIVdXBU5.jpg [aug#1],2,4,0.0
WIN_20220701_16_15_17_Pro_jpg.rf.H6NdPRqcLnZkrIVdXBU5.jpg [aug#2],2,3,0.0
WIN_20220701_16_15_26_Pro_jpg.rf.PhDVZnNod1OD27ktQ2Dy.jpg [aug#1],2,0,0.0
WIN_20220701_16_15_26_Pro_jpg.rf.PhDVZnNod1OD27ktQ2Dy.jpg [aug#2],2,0,0.0
WIN_20220701_16_16_06_Pro_jpg.rf.iU4FIUUCfSgN3uhjz3Me.jpg [aug#1],2,0,0.0
WIN_20220701_16_16_14_Pro_jpg.rf.7jc6vgNMhTnsPLoTDzdk.jpg [aug#1],2,0,0.0
WIN_20220701_16_16_14_Pro_jpg.rf.7jc6vgNMhTnsPLoTDzdk.jpg [aug#2],2,3,0.0
WIN_20220701_16_16_22_Pro_jpg.rf.iBvlfzRNRYE7USXbSvQ4.jpg [aug#1],2,3,0.0
WIN_20220701_16_16_22_Pro_jpg.rf.iBvlfzRNRYE7USXbSvQ4.jpg [aug#2],2,3,0.0
WIN_20220701_16_17_50_Pro_jpg.rf.doIqYC9CeEmMYwfYD1BX.jpg [aug#1],2,0,0.0
WIN_20220701_16_17_56_Pro_jpg.rf.P3Z0wmL4YXZZ1Dxwc1Ap.jpg [aug#1],2,1,0.0
WIN_20220701_16_17_56_Pro_jpg.rf.P3Z0wmL4YXZZ1Dxwc1Ap.jpg [aug#2],2,3,0.0
WIN_20220701_16_18_02_Pro_jpg.rf.ivQBAcxChtqTJ7AwSSHh.jpg [aug#2],2,0,0.0
WIN_20220701_16_35_01_Pro_jpg.rf.VedQROKvF81EUH0C5Jyj.jpg [aug#1],2,3,0.0
WIN_20220701_16_35_01_Pro_jpg.rf.VedQROKvF81EUH0C5Jyj.jpg [aug#2],2,3,0.0
WIN_20220701_16_35_07_Pro_jpg.rf.yH1t2VpHMYho3zb62EEh.jpg [aug#1],2,3,0.0
WIN_20220701_16_35_07_Pro_jpg.rf.yH1t2VpHMYho3zb62EEh.jpg [aug#2],2,1,0.0
WIN_20220701_16_35_15_Pro_jpg.rf.E6e2E3UzsxcKLo2IpIXe.jpg [aug#1],2,3,0.0
WIN_20220701_16_35_15_Pro_jpg.rf.E6e2E3UzsxcKLo2IpIXe.jpg [aug#2],2,0,0.0
WIN_20220701_16_45_17_Pro_jpg.rf.uN5ijZ4zQ3yrczGC1NBf.jpg [aug#2],2,3,0.0
WIN_20220701_16_46_02_Pro_jpg.rf.b1jTC5QRhs6YhorzUmFv.jpg [aug#1],2,3,0.0
WIN_20220701_16_46_02_Pro_jpg.rf.b1jTC5QRhs6YhorzUmFv.jpg [aug#2],2,3,0.0
WIN_20220701_16_46_11_Pro_jpg.rf.Jez6SLc2BUfIkWk0wr3u.jpg [aug#2],2,3,0.0
WIN_20220701_16_46_17_Pro_jpg.rf.TwgR5ZexUu0ZJzt0t9w5.jpg [aug#1],2,3,0.0
WIN_20220701_16_46_17_Pro_jpg.rf.TwgR5ZexUu0ZJzt0t9w5.jpg [aug#2],2,3,0.0
WIN_20220701_16_46_57_Pro_jpg.rf.1eKBneuvqQ6233xdyIFA.jpg [aug#1],2,3,0.0
WIN_20220701_16_47_05_Pro_jpg.rf.1t1PpU8y9JshPGKzWXAj.jpg [aug#1],2,0,0.0
WIN_20220701_16_47_05_Pro_jpg.rf.1t1PpU8y9JshPGKzWXAj.jpg [aug#2],2,3,0.0
WIN_20220701_16_47_11_Pro_jpg.rf.TcHikE7NuqsXXkQOHHUM.jpg [aug#2],2,3,0.0
WIN_20220701_16_51_23_Pro_jpg.rf.VWKrFsLQoOiC8QilxJlo.jpg [aug#1],2,3,0.0
WIN_20220701_16_51_23_Pro_jpg.rf.VWKrFsLQoOiC8QilxJlo.jpg [aug#2],2,1,0.0
WIN_20220701_16_51_28_Pro_jpg.rf.k8sjGS9DBBpdm9RObTtb.jpg [aug#1],2,3,0.0
WIN_20220701_16_51_28_Pro_jpg.rf.k8sjGS9DBBpdm9RObTtb.jpg [aug#2],2,3,0.0
WIN_20220701_16_51_36_Pro_jpg.rf.9ZNuchkKwX0opXNgd4vo.jpg [aug#1],2,3,0.0
WIN_20220701_16_51_36_Pro_jpg.rf.9ZNuchkKwX0opXNgd4vo.jpg [aug#2],2,0,0.0
WIN_20220701_16_52_01_Pro_jpg.rf.OF1uNlSTe7Y9qeTSchU5.jpg [aug#2],2,0,0.0
WIN_20220701_16_52_12_Pro_jpg.rf.XQE8KnshLOmyUBfsihEa.jpg [aug#2],2,0,0.0
WIN_20220701_16_52_28_Pro_jpg.rf.N7NoD5E8s90bRAAdEswy.jpg [aug#1],2,0,0.0
WIN_20220701_16_52_28_Pro_jpg.rf.N7NoD5E8s90bRAAdEswy.jpg [aug#2],2,0,0.0
WIN_20220701_16_52_38_Pro_jpg.rf.4A1UG5VRGgsgAp3EHVaW.jpg [aug#1],2,0,0.0
WIN_20220701_16_52_38_Pro_jpg.rf.4A1UG5VRGgsgAp3EHVaW.jpg [aug#2],2,3,0.0
WIN_20220701_16_52_44_Pro_jpg.rf.bBriKcOBYEi1aBinQUh0.jpg [aug#2],2,0,0.0
WIN_20220701_16_53_26_Pro_jpg.rf.ysUTZfetegEVPgS3Bg9r.jpg [aug#2],2,3,0.0
WIN_20220701_16_53_31_Pro_jpg.rf.ozmztCfPiK6pIz5EqAT0.jpg [aug#1],2,3,0.0
WIN_20220701_16_53_31_Pro_jpg.rf.ozmztCfPiK6pIz5EqAT0.jpg [aug#2],2,0,0.0
WIN_20220701_16_53_41_Pro_jpg.rf.I0b41XjizNG7LTD4TBeO.jpg [aug#2],2,3,0.0
WIN_20220701_16_53_59_Pro_jpg.rf.IGcB0LPBIYE1tDZLLDxn.jpg [aug#2],2,0,0.0
WIN_20220701_16_54_05_Pro_jpg.rf.sej23wPVoeEr2qHyYmFi.jpg [aug#1],2,3,0.0
WIN_20220701_16_54_05_Pro_jpg.rf.sej23wPVoeEr2qHyYmFi.jpg [aug#2],2,0,0.0
WIN_20220701_16_54_13_Pro_jpg.rf.t7BNSAzKqy2YV4i1wgDQ.jpg [aug#1],2,0,0.0
WIN_20220701_16_54_13_Pro_jpg.rf.t7BNSAzKqy2YV4i1wgDQ.jpg [aug#2],2,0,0.0
WIN_20220701_16_56_35_Pro_jpg.rf.u94PhpMaSXf0ezpJk7Dh.jpg [aug#1],2,0,0.0
WIN_20220701_16_56_42_Pro_jpg.rf.muCq9LiDOZSmJd5C2wDc.jpg [aug#2],2,0,0.0
WIN_20220701_16_56_49_Pro_jpg.rf.8gwrUq5EAN7OQ54EMRop.jpg [aug#1],2,3,0.0
WIN_20220701_16_57_05_Pro_jpg.rf.T38LdUukPOu6THv98KXe.jpg [aug#1],2,3,0.0
WIN_20220701_16_57_05_Pro_jpg.rf.T38LdUukPOu6THv98KXe.jpg [aug#2],2,1,0.0
WIN_20220701_16_57_14_Pro_jpg.rf.k1ziMQ0K69KnRmQSYbNX.jpg [aug#1],2,3,0.0
WIN_20220701_16_57_14_Pro_jpg.rf.k1ziMQ0K69KnRmQSYbNX.jpg [aug#2],2,0,0.0
WIN_20220701_16_57_19_Pro_jpg.rf.qYnfr8koay2a7tmW3cLK.jpg [aug#1],2,3,0.0
WIN_20220701_16_57_48_Pro_jpg.rf.kWmjE75wShGL4CKtGH4n.jpg [aug#1],2,3,0.0
WIN_20220701_17_02_25_Pro_jpg.rf.EXjItsAvQGtGOU9W0ko3.jpg [aug#1],2,0,0.0
WIN_20220701_17_02_30_Pro_jpg.rf.CXgZ8upfIUjfAmKsa0pZ.jpg [aug#1],2,3,0.0
WIN_20220701_17_02_36_Pro_jpg.rf.yD75v3xYdAx0QXjFqh2w.jpg [aug#1],2,0,0.0
WIN_20220701_17_06_31_Pro_jpg.rf.LDeeLOEnNMUHgvBlPrFM.jpg [aug#1],2,0,0.0
WIN_20220701_17_06_31_Pro_jpg.rf.LDeeLOEnNMUHgvBlPrFM.jpg [aug#2],2,3,0.0
WIN_20220701_17_06_37_Pro_jpg.rf.ZurL4cZUICNJPQewniqr.jpg [aug#1],2,3,0.0
WIN_20220701_17_06_37_Pro_jpg.rf.ZurL4cZUICNJPQewniqr.jpg [aug#2],2,0,0.0
WIN_20220701_17_06_41_Pro_jpg.rf.iD6DALDYEYV55A1UgSJi.jpg [aug#2],2,3,0.0
WIN_20220701_17_07_01_Pro_jpg.rf.swcg6zQoAj31597sShh5.jpg [aug#2],2,0,0.0
WIN_20220701_17_07_06_Pro_jpg.rf.0uBE7K8m2XIE2OGVFXSv.jpg [aug#1],2,0,0.0
WIN_20220701_17_07_06_Pro_jpg.rf.0uBE7K8m2XIE2OGVFXSv.jpg [aug#2],2,0,0.0
WIN_20220701_17_07_13_Pro_jpg.rf.fsuCHeEpua67G5MWuq3M.jpg [aug#1],2,0,0.0
WIN_20220701_17_07_13_Pro_jpg.rf.fsuCHeEpua67G5MWuq3M.jpg [aug#2],2,0,0.0
WIN_20220701_17_07_51_Pro_jpg.rf.1TkgbfdqfUMIHNY7Aaqr.jpg [aug#2],2,3,0.0
WIN_20220701_17_07_59_Pro_jpg.rf.cSZpjKdTIyw2wH4QUt4P.jpg [aug#1],2,0,0.0
WIN_20220701_17_07_59_Pro_jpg.rf.cSZpjKdTIyw2wH4QUt4P.jpg [aug#2],2,3,0.0
WIN_20220701_17_08_22_Pro_jpg.rf.LTgSun7SKX037qHAocY3.jpg [aug#2],2,3,0.0
WIN_20220701_17_08_31_Pro_jpg.rf.Pk4PMK4P0wihk5PkdBLP.jpg [aug#1],2,0,0.0
WIN_20220701_17_09_46_Pro_jpg.rf.RwkAFFobxw2W5FWBSzMs.jpg [aug#1],2,0,0.0
WIN_20220701_17_09_46_Pro_jpg.rf.RwkAFFobxw2W5FWBSzMs.jpg [aug#2],2,0,0.0
WIN_20220701_17_09_51_Pro_jpg.rf.KAYKThIiqeRYqHG0T3MW.jpg [aug#1],2,1,0.0
WIN_20220701_17_09_51_Pro_jpg.rf.KAYKThIiqeRYqHG0T3MW.jpg [aug#2],2,4,0.0
WIN_20220701_17_09_56_Pro_jpg.rf.VvLo8YMaOnuS4oy2Knga.jpg [aug#1],2,3,0.0
WIN_20220701_17_12_03_Pro_jpg.rf.yQx0YihIxmFNXB9bp0K3.jpg [aug#1],2,3,0.0
WIN_20220701_17_12_07_Pro_jpg.rf.Jlphc0qdvwJDi58mjxBN.jpg [aug#1],2,0,0.0
WIN_20220701_17_12_07_Pro_jpg.rf.Jlphc0qdvwJDi58mjxBN.jpg [aug#2],2,0,0.0
WIN_20220701_17_12_24_Pro_jpg.rf.Vkmy03F1x0BmpTd9NAbN.jpg [aug#1],2,0,0.0
WIN_20220701_17_12_24_Pro_jpg.rf.Vkmy03F1x0BmpTd9NAbN.jpg [aug#2],2,0,0.0
WIN_20220701_17_12_29_Pro_jpg.rf.sFeY4BPUK4zP8Mq7vzP9.jpg [aug#1],2,0,0.0
WIN_20220701_17_12_35_Pro_jpg.rf.da6M8sd52ifNRofquc73.jpg [aug#2],2,3,0.0
WIN_20220701_17_12_54_Pro_jpg.rf.FQ4PEqfyM9OIh0lhfbIj.jpg [aug#1],2,3,0.0
WIN_20220701_17_13_17_Pro_jpg.rf.FSRox76eh0nfCBIqt76H.jpg [aug#1],2,3,0.0
WIN_20220701_17_13_17_Pro_jpg.rf.FSRox76eh0nfCBIqt76H.jpg [aug#2],2,0,0.0
WIN_20220701_17_13_22_Pro_jpg.rf.KsnJmGOnrB2IGL26Afeu.jpg [aug#1],2,0,0.0
WIN_20220701_17_13_22_Pro_jpg.rf.KsnJmGOnrB2IGL26Afeu.jpg [aug#2],2,0,0.0
WIN_20220701_17_13_31_Pro_jpg.rf.oYtsp6PyGvnS2KY5A10p.jpg [aug#1],2,0,0.0
WIN_20220701_17_13_44_Pro_jpg.rf.MrMjgILnPbejdHlCm1fp.jpg [aug#2],2,0,0.0
WIN_20220701_17_13_50_Pro_jpg.rf.tIHlslZeNzXL2Y1XYfPx.jpg [aug#1],2,0,0.0
WIN_20220701_17_13_50_Pro_jpg.rf.tIHlslZeNzXL2Y1XYfPx.jpg [aug#2],2,0,0.0
WIN_20220701_17_14_02_Pro_jpg.rf.yGbQmFs6MBn0SZjB5IRX.jpg [aug#1],2,0,0.0
WIN_20220701_17_14_02_Pro_jpg.rf.yGbQmFs6MBn0SZjB5IRX.jpg [aug#2],2,0,0.0
WIN_20220704_12_56_12_Pro_jpg.rf.EEwOlMQmiv1jyfoZdVV6.jpg [aug#1],0,1,0.0
WIN_20220704_12_56_12_Pro_jpg.rf.EEwOlMQmiv1jyfoZdVV6.jpg [aug#2],0,4,0.0
WIN_20220704_12_56_19_Pro_jpg.rf.sXQwF1WfTAM0oZPNq7Og.jpg [aug#1],0,1,0.0
WIN_20220704_12_56_19_Pro_jpg.rf.sXQwF1WfTAM0oZPNq7Og.jpg [aug#2],0,4,0.0
WIN_20220704_12_56_25_Pro_jpg.rf.BaofbyPAFthMEneoTEj8.jpg [aug#2],0,1,0.0
WIN_20220704_12_56_31_Pro_jpg.rf.yHBzVjYdpYPpvD2cnogJ.jpg [aug#1],0,3,0.0
WIN_20220704_12_56_31_Pro_jpg.rf.yHBzVjYdpYPpvD2cnogJ.jpg [aug#2],0,2,0.0
WIN_20220704_12_58_38_Pro_jpg.rf.u38GP3SDy5MAuvmr3Ueh.jpg [aug#2],0,4,0.0
WIN_20220704_12_58_45_Pro_jpg.rf.xk2xQkziuvSRinMX1Jle.jpg [aug#1],0,1,0.0
WIN_20220704_12_58_45_Pro_jpg.rf.xk2xQkziuvSRinMX1Jle.jpg [aug#2],0,4,0.0
WIN_20220704_14_47_54_Pro_jpg.rf.vkRgn8rNqmQZl4Nxwmu1.jpg [aug#1],3,0,0.0
WIN_20220704_14_47_54_Pro_jpg.rf.vkRgn8rNqmQZl4Nxwmu1.jpg [aug#2],3,0,0.0
WIN_20220704_14_48_07_Pro_jpg.rf.TPocuvfzlS0JA5meDQ0y.jpg [aug#1],3,2,0.0
WIN_20220704_14_48_07_Pro_jpg.rf.TPocuvfzlS0JA5meDQ0y.jpg [aug#2],3,1,0.0
WIN_20220704_14_48_31_Pro_jpg.rf.oyLU0PGnKJr9FGDcDJYM.jpg [aug#2],3,0,0.0
WIN_20220704_14_49_21_Pro_jpg.rf.hZFLZolG8u6QXVNRppeL.jpg [aug#1],0;3,1,0.0
WIN_20220704_14_49_21_Pro_jpg.rf.hZFLZolG8u6QXVNRppeL.jpg [aug#2],0;3,0,0.5
WIN_20220704_14_49_28_Pro_jpg.rf.b7WfRG922aZIrKfUNJsB.jpg [aug#1],3,0,0.0
WIN_20220704_14_49_28_Pro_jpg.rf.b7WfRG922aZIrKfUNJsB.jpg [aug#2],3,0,0.0
WIN_20220704_14_49_39_Pro_jpg.rf.WPXquzHUrBorbeQqs4hO.jpg [aug#1],3;0,3,0.5
WIN_20220704_14_49_39_Pro_jpg.rf.WPXquzHUrBorbeQqs4hO.jpg [aug#2],3;0,2,0.0
WIN_20220704_14_50_22_Pro_jpg.rf.NSMqZxZQzIx2e0e73OWr.jpg [aug#1],0;3,0,0.5
WIN_20220704_14_50_22_Pro_jpg.rf.NSMqZxZQzIx2e0e73OWr.jpg [aug#2],0;3,0,0.5
WIN_20220704_15_06_08_Pro_jpg.rf.aPkjOzY3iJZka5uouU8L.jpg [aug#1],3,0,0.0
WIN_20220704_15_06_20_Pro_jpg.rf.2LDR9n3Lj9MCtlmy12tL.jpg [aug#1],3,0,0.0
WIN_20220704_15_06_20_Pro_jpg.rf.2LDR9n3Lj9MCtlmy12tL.jpg [aug#2],3,1,0.0
WIN_20220704_15_09_19_Pro_jpg.rf.PLoqPoGtwC7EG8wjzomo.jpg [aug#1],1,0,0.0
WIN_20220704_15_09_19_Pro_jpg.rf.PLoqPoGtwC7EG8wjzomo.jpg [aug#2],1,0,0.0
WIN_20220704_15_09_58_Pro_jpg.rf.dKXK4H4LTD2C34ijTMDi.jpg [aug#1],1,0,0.0
WIN_20220704_15_09_58_Pro_jpg.rf.dKXK4H4LTD2C34ijTMDi.jpg [aug#2],1,0,0.0
WIN_20220704_15_10_06_Pro_jpg.rf.41aYZSn3RRT2XEeQnOEx.jpg [aug#1],1,0,0.0
WIN_20220704_15_10_06_Pro_jpg.rf.41aYZSn3RRT2XEeQnOEx.jpg [aug#2],1,0,0.0
WIN_20220704_15_10_11_Pro_jpg.rf.rVJdZ5fJ0LA90VCn9mYH.jpg [aug#1],1,2,0.0
WIN_20220704_15_10_11_Pro_jpg.rf.rVJdZ5fJ0LA90VCn9mYH.jpg [aug#2],1,0,0.0
WIN_20220704_15_10_17_Pro_jpg.rf.TbX142BavQbcGwyDjWvl.jpg [aug#1],1,0,0.0
WIN_20220704_15_10_17_Pro_jpg.rf.TbX142BavQbcGwyDjWvl.jpg [aug#2],1,0,0.0
WIN_20220704_15_10_24_Pro_jpg.rf.bqLgOzZ2cGtEXIiYV1pn.jpg [aug#1],1,3,0.0
WIN_20220704_15_10_24_Pro_jpg.rf.bqLgOzZ2cGtEXIiYV1pn.jpg [aug#2],1,0,0.0
WIN_20220704_15_12_41_Pro_jpg.rf.EWpNCFIkAC10dFhqthTL.jpg [aug#1],3,0,0.0
WIN_20220704_15_12_41_Pro_jpg.rf.EWpNCFIkAC10dFhqthTL.jpg [aug#2],3,2,0.0
WIN_20220704_15_13_15_Pro_jpg.rf.f5l1rnDvznjwhiY2bNbb.jpg [aug#2],3,2,0.0
WIN_20220704_15_13_21_Pro_jpg.rf.8AyUiqkdgP03Zr3YmoKd.jpg [aug#2],3,0,0.0
WIN_20220704_15_14_12_Pro_jpg.rf.qIiowzPyVQfKI5igVfEO.jpg [aug#1],3,2,0.0
WIN_20220704_15_14_12_Pro_jpg.rf.qIiowzPyVQfKI5igVfEO.jpg [aug#2],3,0,0.0
WIN_20220704_15_14_19_Pro_jpg.rf.y1nQkFQLfabOaqnkQPcO.jpg [aug#1],3,1,0.0
WIN_20220704_15_17_45_Pro_jpg.rf.AWV0J8xAvE4uCZfTTKdV.jpg [aug#1],0,4,0.0
WIN_20220704_15_17_45_Pro_jpg.rf.AWV0J8xAvE4uCZfTTKdV.jpg [aug#2],0,2,0.0
WIN_20220704_15_17_51_Pro_jpg.rf.e8zkJP2MSNEWyDvAxX81.jpg [aug#1],0,2,0.0
WIN_20220704_15_17_51_Pro_jpg.rf.e8zkJP2MSNEWyDvAxX81.jpg [aug#2],0,2,0.0
WIN_20220704_15_17_57_Pro_jpg.rf.BIGRSp45MaePJ56kfE4B.jpg [aug#1],0,2,0.0
WIN_20220704_15_17_57_Pro_jpg.rf.BIGRSp45MaePJ56kfE4B.jpg [aug#2],0,2,0.0
WIN_20220704_15_19_23_Pro_jpg.rf.nDOtvw0t3gIZzPqJBDpi.jpg [aug#1],1;3,0,0.0
WIN_20220704_15_19_23_Pro_jpg.rf.nDOtvw0t3gIZzPqJBDpi.jpg [aug#2],1;3,1,0.5
WIN_20220704_15_19_30_Pro_jpg.rf.3QCHg3jHt5QXLMjXU1Dp.jpg [aug#1],1;3,3,0.5
WIN_20220704_15_19_30_Pro_jpg.rf.3QCHg3jHt5QXLMjXU1Dp.jpg [aug#2],1;3,3,0.5
WIN_20220704_15_19_38_Pro_jpg.rf.70zWVKRPS7IAfp0URA3P.jpg [aug#1],1;3,0,0.0
WIN_20220704_15_19_38_Pro_jpg.rf.70zWVKRPS7IAfp0URA3P.jpg [aug#2],1;3,1,0.5
WIN_20220704_15_21_36_Pro_jpg.rf.J1DZgGl6B9F7dkzmM2dp.jpg [aug#2],3,2,0.0
WIN_20220704_15_21_41_Pro_jpg.rf.ccyO7RJI81uOhiLt4EhG.jpg [aug#1],3,1,0.0
WIN_20220704_15_21_50_Pro_jpg.rf.I9ZZQ4JhJMQ9exYHpaKB.jpg [aug#1],3,0,0.0
WIN_20220704_15_21_50_Pro_jpg.rf.I9ZZQ4JhJMQ9exYHpaKB.jpg [aug#2],3,2,0.0
WIN_20220704_15_22_48_Pro_jpg.rf.Q0JkysMFIlRofKypVHnT.jpg [aug#1],3;1,0,0.0
WIN_20220704_15_22_48_Pro_jpg.rf.Q0JkysMFIlRofKypVHnT.jpg [aug#2],3;1,3,0.5
WIN_20220704_15_22_55_Pro_jpg.rf.J9XnUfgltJYVCEQrUcyI.jpg [aug#1],3;1,0,0.0
WIN_20220704_15_22_55_Pro_jpg.rf.J9XnUfgltJYVCEQrUcyI.jpg [aug#2],3;1,0,0.0
WIN_20220704_15_23_07_Pro_jpg.rf.HQF8MMdU4ASbgGfRc8Y6.jpg [aug#1],3;1,0,0.0
WIN_20220704_15_23_07_Pro_jpg.rf.HQF8MMdU4ASbgGfRc8Y6.jpg [aug#2],3;1,0,0.0
WIN_20220704_15_23_43_Pro_jpg.rf.hBuWFm0PUAMMERTcTBNw.jpg [aug#2],3,0,0.0
WIN_20220704_15_23_47_Pro_jpg.rf.eNXdyAl2nRsIpgSZ0cf7.jpg [aug#2],3,2,0.0
WIN_20220704_15_24_25_Pro_jpg.rf.3InXRtNdIwIxLRFcDoyP.jpg [aug#1],3;1,3,0.5
WIN_20220704_15_24_25_Pro_jpg.rf.3InXRtNdIwIxLRFcDoyP.jpg [aug#2],3;1,3,0.5
WIN_20220704_15_24_28_Pro_jpg.rf.Ogek151tAFnupSJwNCoF.jpg [aug#1],3;1,2,0.0
WIN_20220704_15_24_28_Pro_jpg.rf.Ogek151tAFnupSJwNCoF.jpg [aug#2],3;1,0,0.0
WIN_20220704_15_24_35_Pro_jpg.rf.00d0iGlqH18d8NPtNcWk.jpg [aug#1],1,0,0.0
WIN_20220704_15_24_35_Pro_jpg.rf.00d0iGlqH18d8NPtNcWk.jpg [aug#2],1,2,0.0
WIN_20220704_15_25_19_Pro_jpg.rf.d6uXGsEQsSbVFDuVM4kF.jpg [aug#2],0,2,0.0
WIN_20220704_15_25_23_Pro_jpg.rf.B83DW3zN90sjSX986nwj.jpg [aug#1],0,1,0.0
WIN_20220704_15_25_23_Pro_jpg.rf.B83DW3zN90sjSX986nwj.jpg [aug#2],0,1,0.0
WIN_20220704_15_25_29_Pro_jpg.rf.y4ZCFI56cKpLHv3WOQ7N.jpg [aug#1],0,1,0.0
WIN_20220704_15_25_29_Pro_jpg.rf.y4ZCFI56cKpLHv3WOQ7N.jpg [aug#2],0,1,0.0
WIN_20220704_15_25_36_Pro_jpg.rf.u4frTO8lOdrULSCBztf0.jpg [aug#2],0,2,0.0
WIN_20220704_15_25_58_Pro_jpg.rf.IkVAX1C0STEsNS78fIEK.jpg [aug#1],3,0,0.0
WIN_20220704_15_25_58_Pro_jpg.rf.IkVAX1C0STEsNS78fIEK.jpg [aug#2],3,1,0.0
WIN_20220704_15_26_03_Pro_jpg.rf.oajc6fHxJxaqV4inhQFL.jpg [aug#1],3,0,0.0
WIN_20220704_15_26_03_Pro_jpg.rf.oajc6fHxJxaqV4inhQFL.jpg [aug#2],3,0,0.0
WIN_20220704_15_26_07_Pro_jpg.rf.COffjyJDHnw5WD6BBtfi.jpg [aug#1],3,0,0.0
WIN_20220704_15_26_25_Pro_jpg.rf.OnZWe6EU2CcRUKaCnh1i.jpg [aug#1],3;1,0,0.0
WIN_20220704_15_26_25_Pro_jpg.rf.OnZWe6EU2CcRUKaCnh1i.jpg [aug#2],3;1,0,0.0
WIN_20220704_15_26_30_Pro_jpg.rf.9GRjsGAulwjKxTyetk3v.jpg [aug#1],1;3,3,0.5
WIN_20220704_15_26_30_Pro_jpg.rf.9GRjsGAulwjKxTyetk3v.jpg [aug#2],1;3,3,0.5
WIN_20220704_15_26_35_Pro_jpg.rf.Q40Kml79b5nWCzcpT88O.jpg [aug#1],1;3,3,0.5
WIN_20220704_15_26_35_Pro_jpg.rf.Q40Kml79b5nWCzcpT88O.jpg [aug#2],1;3,0,0.0
WIN_20220704_15_27_24_Pro_jpg.rf.ywbjrhK0iV6lp70CTs9p.jpg [aug#2],3,2,0.0
WIN_20220704_15_27_44_Pro_jpg.rf.S9Rsc3my3SCUlcrOosjM.jpg [aug#1],3,0,0.0
WIN_20220704_15_28_03_Pro_jpg.rf.tuXW0ybhwwK29sk4SIMS.jpg [aug#1],3,0,0.0
WIN_20220704_15_28_03_Pro_jpg.rf.tuXW0ybhwwK29sk4SIMS.jpg [aug#2],3,0,0.0
WIN_20220704_15_28_08_Pro_jpg.rf.LmdwcGTJJ1jjhGA6Vu6u.jpg [aug#1],3,0,0.0
WIN_20220704_15_28_08_Pro_jpg.rf.LmdwcGTJJ1jjhGA6Vu6u.jpg [aug#2],3,2,0.0
WIN_20220704_15_28_14_Pro_jpg.rf.VAzKXMTFlg5nESJlfE9F.jpg [aug#2],3,0,0.0
WIN_20220704_15_32_42_Pro_jpg.rf.hJilPvLpc95ffkDIIrap.jpg [aug#2],3,2,0.0
WIN_20220704_15_32_47_Pro_jpg.rf.djYaZHIT2q2egY8p7Cn6.jpg [aug#1],3,2,0.0
WIN_20220704_15_33_21_Pro_jpg.rf.a5ki3lWxSA1LRVLALcnh.jpg [aug#1],3;1,4,0.0
WIN_20220704_15_33_21_Pro_jpg.rf.a5ki3lWxSA1LRVLALcnh.jpg [aug#2],3;1,4,0.0
WIN_20220704_15_33_26_Pro_jpg.rf.FV4PQYKOL3QN41Pwudqm.jpg [aug#1],3;1,2,0.0
WIN_20220704_15_33_26_Pro_jpg.rf.FV4PQYKOL3QN41Pwudqm.jpg [aug#2],3;1,3,0.5
WIN_20220704_15_33_31_Pro_jpg.rf.CKVtEYoeSKDsW2SdcS01.jpg [aug#1],1;3,2,0.0
WIN_20220704_15_33_31_Pro_jpg.rf.CKVtEYoeSKDsW2SdcS01.jpg [aug#2],1;3,2,0.0
WIN_20220704_15_34_05_Pro_jpg.rf.1omrC9AqAxxVHrYWZ2sb.jpg [aug#1],1,2,0.0
WIN_20220704_15_34_05_Pro_jpg.rf.1omrC9AqAxxVHrYWZ2sb.jpg [aug#2],1,0,0.0
WIN_20220704_15_34_11_Pro_jpg.rf.yFxcYmwfolXZg4W6HfWs.jpg [aug#1],1,0,0.0
WIN_20220704_15_34_11_Pro_jpg.rf.yFxcYmwfolXZg4W6HfWs.jpg [aug#2],1,0,0.0
WIN_20220704_15_34_15_Pro_jpg.rf.rkravPDz7wdIuRoYevY6.jpg [aug#1],1,0,0.0
WIN_20220704_15_34_15_Pro_jpg.rf.rkravPDz7wdIuRoYevY6.jpg [aug#2],1,0,0.0
WIN_20220704_15_34_46_Pro_jpg.rf.pztFVkD1EuybwTxZBA2c.jpg [aug#1],0,1,0.0
WIN_20220704_15_34_55_Pro_jpg.rf.iVfcwgWgFmlZAQbZOh8J.jpg [aug#1],0,1,0.0
WIN_20220704_15_35_11_Pro_jpg.rf.PkcVq0DE8HwwTNEE0bT9.jpg [aug#1],0,3,0.0
WIN_20220704_15_35_11_Pro_jpg.rf.PkcVq0DE8HwwTNEE0bT9.jpg [aug#2],0,1,0.0
WIN_20220704_15_36_04_Pro_jpg.rf.Gucyqi0BtzJ1jXggruYW.jpg [aug#2],0,1,0.0
WIN_20220704_15_36_17_Pro_jpg.rf.elPwqWHFbu3joUlGHpT7.jpg [aug#2],0,3,0.0
WIN_20220704_15_44_38_Pro_jpg.rf.2JtbWQd6jVsDSKFPEpnS.jpg [aug#2],2,3,0.0
WIN_20220704_15_44_42_Pro_jpg.rf.bVQHTUMkZfBaktNCAyMT.jpg [aug#2],2,0,0.0
WIN_20220704_15_45_42_Pro_jpg.rf.rb3vhR6F9yJkj0bMA6zP.jpg [aug#1],2,3,0.0
WIN_20220704_15_45_42_Pro_jpg.rf.rb3vhR6F9yJkj0bMA6zP.jpg [aug#2],2,0,0.0
WIN_20220704_15_45_45_Pro_jpg.rf.5DLlo6hA1pVaTMNrESml.jpg [aug#1],2,3,0.0
WIN_20220704_15_45_45_Pro_jpg.rf.5DLlo6hA1pVaTMNrESml.jpg [aug#2],2,0,0.0
WIN_20220704_15_48_20_Pro_jpg.rf.Mz8SXcgsRfDtEtmA4YaY.jpg [aug#2],2,3,0.0
WIN_20220704_15_48_24_Pro_jpg.rf.NN1MCvjj9e7nWEnvan1n.jpg [aug#2],2,0,0.0
WIN_20220704_15_49_05_Pro_jpg.rf.gJ4jSHB8Df2NLvh7QX0m.jpg [aug#1],2,0,0.0
WIN_20220704_15_49_05_Pro_jpg.rf.gJ4jSHB8Df2NLvh7QX0m.jpg [aug#2],2,1,0.0
WIN_20220704_15_49_40_Pro_jpg.rf.a8kkGIzdVpTSeDZzkniv.jpg [aug#1],2,0,0.0
WIN_20220704_15_49_40_Pro_jpg.rf.a8kkGIzdVpTSeDZzkniv.jpg [aug#2],2,0,0.0
WIN_20220704_15_49_45_Pro_jpg.rf.iEp4ctbpy1qGcjMsJh8E.jpg [aug#1],2,0,0.0
WIN_20220704_15_49_45_Pro_jpg.rf.iEp4ctbpy1qGcjMsJh8E.jpg [aug#2],2,3,0.0
WIN_20220704_15_49_52_Pro_jpg.rf.Bl4M2kt1xkGzzwZZb9DA.jpg [aug#1],2,3,0.0
WIN_20220704_15_51_07_Pro_jpg.rf.1nAnGlhUaDq7L0riv2Wu.jpg [aug#2],2,3,0.0
WIN_20220704_15_51_11_Pro_jpg.rf.95V68BMpuT5fZ0JXPaIj.jpg [aug#1],2,0,0.0
WIN_20220704_15_51_16_Pro_jpg.rf.Qh4VgEkxgNIIZ20yJBGJ.jpg [aug#1],2,0,0.0
WIN_20220704_15_51_16_Pro_jpg.rf.Qh4VgEkxgNIIZ20yJBGJ.jpg [aug#2],2,0,0.0
WIN_20220704_15_51_36_Pro_jpg.rf.ezAHunvvV6i2JYiMrX7H.jpg [aug#1],2,0,0.0
WIN_20220704_15_51_40_Pro_jpg.rf.2UUFDeRnIJfYWTIP7C9O.jpg [aug#2],2,3,0.0
WIN_20220704_15_51_59_Pro_jpg.rf.EbnxSaj69LSAIsAVBSFd.jpg [aug#1],2,3,0.0
WIN_20220704_15_51_59_Pro_jpg.rf.EbnxSaj69LSAIsAVBSFd.jpg [aug#2],2,3,0.0
WIN_20220704_15_52_04_Pro_jpg.rf.c4ypT4Afzvet8ARboRu6.jpg [aug#1],2,3,0.0
WIN_20220704_15_52_04_Pro_jpg.rf.c4ypT4Afzvet8ARboRu6.jpg [aug#2],2,0,0.0
WIN_20220704_15_55_09_Pro_jpg.rf.XPdg4M2cXMaA4YzVW9gb.jpg [aug#2],2,0,0.0
WIN_20220704_15_55_13_Pro_jpg.rf.E1S3h0jUCFqLCJmrxAgh.jpg [aug#1],2,0,0.0
WIN_20220704_15_55_13_Pro_jpg.rf.E1S3h0jUCFqLCJmrxAgh.jpg [aug#2],2,0,0.0
WIN_20220704_15_55_27_Pro_jpg.rf.HYevELbotkKSnODVwLlQ.jpg [aug#1],2,3,0.0
WIN_20220704_15_55_27_Pro_jpg.rf.HYevELbotkKSnODVwLlQ.jpg [aug#2],2,0,0.0
WIN_20220704_15_55_32_Pro_jpg.rf.LWKGfaQO1UsnpqYeA0px.jpg [aug#1],2,0,0.0
WIN_20220704_15_55_36_Pro_jpg.rf.eI8NrC8R7djeDiurJtWD.jpg [aug#2],2,3,0.0
WIN_20220704_15_56_05_Pro_jpg.rf.1Vi02jrs9IDoQI3dtT94.jpg [aug#1],2,0,0.0
WIN_20220704_15_56_05_Pro_jpg.rf.1Vi02jrs9IDoQI3dtT94.jpg [aug#2],2,0,0.0
WIN_20220704_15_56_09_Pro_jpg.rf.4LwncnE3ZPCJRppWttfx.jpg [aug#1],2,0,0.0
WIN_20220704_15_56_09_Pro_jpg.rf.4LwncnE3ZPCJRppWttfx.jpg [aug#2],2,0,0.0
WIN_20220704_15_56_14_Pro_jpg.rf.3Zy8HL4Py9xNYkN0S044.jpg [aug#2],2,3,0.0
WIN_20220704_15_57_58_Pro_jpg.rf.egn3sgUuqzw9KSYz3fjL.jpg [aug#2],2,3,0.0
WIN_20220704_15_58_02_Pro_jpg.rf.Vq1aCVrqkVHFBXjXz16p.jpg [aug#2],2,3,0.0
WIN_20220704_15_58_22_Pro_jpg.rf.35CMMayyT7cihOJEucLT.jpg [aug#1],2,1,0.0
WIN_20220704_15_58_22_Pro_jpg.rf.35CMMayyT7cihOJEucLT.jpg [aug#2],2,0,0.0
WIN_20220704_16_01_19_Pro_jpg.rf.EBtD4LfVMMDTUop5efYD.jpg [aug#1],2,0,0.0
WIN_20220704_16_01_23_Pro_jpg.rf.Ae7rFJmFcqn5HeoYfdDb.jpg [aug#1],2,0,0.0
WIN_20220704_16_01_29_Pro_jpg.rf.UDVbFGg3QN9RqLXpiBJy.jpg [aug#2],2,3,0.0
WIN_20220704_16_01_44_Pro_jpg.rf.WxieRbV4RRzEEcNmsREn.jpg [aug#1],2,0,0.0
WIN_20220704_16_01_51_Pro_jpg.rf.rH04LSvkhsJLcVXQGnfY.jpg [aug#2],2,3,0.0
WIN_20220704_16_02_10_Pro_jpg.rf.Va4U8dsuq5XV3uIbj8fJ.jpg [aug#2],2,0,0.0
WIN_20220704_16_02_13_Pro_jpg.rf.dEzFA7qJ9g9OxhoDYouJ.jpg [aug#1],2,3,0.0
WIN_20220704_16_02_18_Pro_jpg.rf.KGFeQK9FIYJIuaPeiUw5.jpg [aug#2],2,0,0.0
WIN_20220704_16_02_48_Pro_jpg.rf.4EU7XJko4WnTEzWsFQqi.jpg [aug#1],2,0,0.0
WIN_20220704_16_02_52_Pro_jpg.rf.t9FUFa6hkRLV3t3f6zvc.jpg [aug#1],2,4,0.0
WIN_20220704_16_02_52_Pro_jpg.rf.t9FUFa6hkRLV3t3f6zvc.jpg [aug#2],2,3,0.0
WIN_20220704_16_02_56_Pro_jpg.rf.Pr5tabp5dhzRwzYRiqem.jpg [aug#1],2,3,0.0
WIN_20220704_16_03_24_Pro_jpg.rf.Cb521MfeZbdMMiO071L2.jpg [aug#2],2,0,0.0
WIN_20220704_16_03_58_Pro_jpg.rf.zGkn6zX4obPsVMfx8ugX.jpg [aug#1],2,3,0.0
WIN_20220704_16_03_58_Pro_jpg.rf.zGkn6zX4obPsVMfx8ugX.jpg [aug#2],2,0,0.0
WIN_20220704_16_04_15_Pro_jpg.rf.ynt8eINnZe9C0YppaRlc.jpg [aug#1],2,0,0.0
WIN_20220704_16_04_20_Pro_jpg.rf.yAh2Md2LPBqmHH7t3jdI.jpg [aug#1],2,0,0.0
WIN_20220704_16_04_20_Pro_jpg.rf.yAh2Md2LPBqmHH7t3jdI.jpg [aug#2],2,0,0.0
WIN_20220704_16_04_26_Pro_jpg.rf.pZPVM01nUn8xaQCPzqay.jpg [aug#1],2,0,0.0
WIN_20220704_16_05_06_Pro_jpg.rf.eD7DHa1jIifSk0fbZXlQ.jpg [aug#1],2,0,0.0
WIN_20220704_16_05_06_Pro_jpg.rf.eD7DHa1jIifSk0fbZXlQ.jpg [aug#2],2,0,0.0
WIN_20220704_16_05_10_Pro_jpg.rf.Z5uAlaAdlWsH6IlOIqfj.jpg [aug#1],2,0,0.0
WIN_20220704_16_05_10_Pro_jpg.rf.Z5uAlaAdlWsH6IlOIqfj.jpg [aug#2],2,0,0.0
WIN_20220704_16_05_15_Pro_jpg.rf.AYyesKPx5FzPJBKRe7XM.jpg [aug#2],2,0,0.0
WIN_20220704_16_05_37_Pro_jpg.rf.zQjK6t8xkna2ftZ0Hr2q.jpg [aug#1],2,0,0.0
WIN_20220704_16_05_37_Pro_jpg.rf.zQjK6t8xkna2ftZ0Hr2q.jpg [aug#2],2,4,0.0
WIN_20220704_16_05_42_Pro_jpg.rf.0DBjqMRCW2kv2gVWmCj9.jpg [aug#1],2,0,0.0
WIN_20220704_16_05_42_Pro_jpg.rf.0DBjqMRCW2kv2gVWmCj9.jpg [aug#2],2,3,0.0
WIN_20220704_16_05_52_Pro_jpg.rf.KLSLk5vXliyxE4PnthnK.jpg [aug#2],2,0,0.0
WIN_20220704_16_06_25_Pro_jpg.rf.zzgL4oFkKoskvIAu2VUF.jpg [aug#1],2,0,0.0
WIN_20220704_16_06_25_Pro_jpg.rf.zzgL4oFkKoskvIAu2VUF.jpg [aug#2],2,0,0.0
WIN_20220704_16_06_30_Pro_jpg.rf.uWoGBBN1mI90NAM72M5m.jpg [aug#1],2,0,0.0
WIN_20220704_16_06_34_Pro_jpg.rf.4SnX0C2Kocr64z9g4Zzh.jpg [aug#2],2,0,0.0
WIN_20220704_16_07_54_Pro_jpg.rf.WdTbcPq70MisdMulASdn.jpg [aug#1],2,0,0.0
WIN_20220704_16_07_54_Pro_jpg.rf.WdTbcPq70MisdMulASdn.jpg [aug#2],2,0,0.0
WIN_20220704_16_07_59_Pro_jpg.rf.NhgKEHHaeBGNOUojA0lG.jpg [aug#2],2,0,0.0
WIN_20220704_16_08_33_Pro_jpg.rf.ogrBUqAPTnqL0j9wgRY3.jpg [aug#2],2,0,0.0
WIN_20220704_16_08_37_Pro_jpg.rf.5QOjTueI3Bu3tmyyuwKb.jpg [aug#2],2,3,0.0
WIN_20220704_16_08_46_Pro_jpg.rf.JYhvFH2DrJdlHy07Gl8H.jpg [aug#2],2,3,0.0
WIN_20220704_16_09_52_Pro_jpg.rf.39V9iXycq1vVWh3dFmui.jpg [aug#2],2,0,0.0
WIN_20220704_16_09_58_Pro_jpg.rf.5qUvrunhLUqvw623UqGr.jpg [aug#2],2,0,0.0
WIN_20220704_16_10_03_Pro_jpg.rf.Uo1Mk2CrGp7W58WuZ3Km.jpg [aug#2],2,1,0.0
WIN_20220704_16_10_43_Pro_jpg.rf.JjWyXRxs41hQefYhmsiZ.jpg [aug#2],2,3,0.0
WIN_20220704_16_10_46_Pro_jpg.rf.UMyYFBF5P6jj1tvzFkmv.jpg [aug#2],2,3,0.0
WIN_20220704_16_10_52_Pro_jpg.rf.1InZdn39DrFs9V3HDQ8E.jpg [aug#1],2,3,0.0
WIN_20220704_16_11_34_Pro_jpg.rf.Y9NwUqm6O5T1LaDlB3Qe.jpg [aug#1],2,0,0.0
WIN_20220704_16_11_37_Pro_jpg.rf.8M2ZQfFKJbuP2hCMgpsh.jpg [aug#1],2,3,0.0
WIN_20220704_16_11_45_Pro_jpg.rf.giuqaHZ55ovCIYpnI97A.jpg [aug#2],2,0,0.0
WIN_20220704_16_12_11_Pro_jpg.rf.1nF5lhrPaguphhTCmraH.jpg [aug#1],2,3,0.0
WIN_20220704_16_12_11_Pro_jpg.rf.1nF5lhrPaguphhTCmraH.jpg [aug#2],2,0,0.0
WIN_20220704_16_12_16_Pro_jpg.rf.1vnJBFuiDteTNGB8hroA.jpg [aug#1],2,3,0.0
WIN_20220704_16_12_16_Pro_jpg.rf.1vnJBFuiDteTNGB8hroA.jpg [aug#2],2,0,0.0
WIN_20220704_16_12_22_Pro_jpg.rf.iiaPYs5yE9UH2CG0vyUw.jpg [aug#1],2,0,0.0
WIN_20220704_16_12_22_Pro_jpg.rf.iiaPYs5yE9UH2CG0vyUw.jpg [aug#2],2,0,0.0
WIN_20220704_16_13_23_Pro_jpg.rf.s9vTzCG5dm2hLvpNwK0W.jpg [aug#1],2,0,0.0
WIN_20220704_16_13_23_Pro_jpg.rf.s9vTzCG5dm2hLvpNwK0W.jpg [aug#2],2,3,0.0
WIN_20220704_16_13_26_Pro_jpg.rf.qOrlUJfcVQdWHjz6ef0f.jpg [aug#1],2,0,0.0
WIN_20220704_16_13_31_Pro_jpg.rf.SnjF0l8guw1an3AV6QWh.jpg [aug#1],2,3,0.0
WIN_20220704_16_13_31_Pro_jpg.rf.SnjF0l8guw1an3AV6QWh.jpg [aug#2],2,0,0.0
WIN_20220704_16_14_11_Pro_jpg.rf.BgyUrz6B9cuHnBmSewkv.jpg [aug#1],2,3,0.0
WIN_20220704_16_14_11_Pro_jpg.rf.BgyUrz6B9cuHnBmSewkv.jpg [aug#2],2,3,0.0
WIN_20220704_16_14_15_Pro_jpg.rf.syVxhLGP9gbf6P5p3Jpn.jpg [aug#2],2,0,0.0
WIN_20220704_16_14_20_Pro_jpg.rf.ogascaSAlWThOPdLsEkL.jpg [aug#1],2,4,0.0
WIN_20220704_16_14_20_Pro_jpg.rf.ogascaSAlWThOPdLsEkL.jpg [aug#2],2,0,0.0
WIN_20220704_16_14_38_Pro_jpg.rf.hy8WZEhcjKsASKCuHbEg.jpg [aug#1],2,0,0.0
WIN_20220704_16_14_38_Pro_jpg.rf.hy8WZEhcjKsASKCuHbEg.jpg [aug#2],2,3,0.0
WIN_20220704_16_14_44_Pro_jpg.rf.M431JeQNTHDrv7yeg9vJ.jpg [aug#1],2,0,0.0
WIN_20220704_16_14_44_Pro_jpg.rf.M431JeQNTHDrv7yeg9vJ.jpg [aug#2],2,0,0.0
WIN_20220704_16_14_49_Pro_jpg.rf.lYZ8FvqhFJUvw6YGbjCx.jpg [aug#1],2,0,0.0
WIN_20220704_16_14_49_Pro_jpg.rf.lYZ8FvqhFJUvw6YGbjCx.jpg [aug#2],2,3,0.0
WIN_20220704_16_15_45_Pro_jpg.rf.WHdAsoUDcRcSlX0pC4qs.jpg [aug#1],2,3,0.0
WIN_20220704_16_15_51_Pro_jpg.rf.Wyrdkw3WVZsJYkTqYHm1.jpg [aug#1],2,3,0.0
WIN_20220704_16_15_57_Pro_jpg.rf.gV8rM4eQJR4cXE593NZn.jpg [aug#2],2,0,0.0
WIN_20220704_16_16_16_Pro_jpg.rf.rpF3WtZPODG7j8KeVpGV.jpg [aug#1],2,0,0.0
WIN_20220704_16_16_16_Pro_jpg.rf.rpF3WtZPODG7j8KeVpGV.jpg [aug#2],2,3,0.0
WIN_20220704_16_16_20_Pro_jpg.rf.g0CNJIBOuPPXG4GOJ38d.jpg [aug#1],2,0,0.0
WIN_20220704_16_16_26_Pro_jpg.rf.dU3hNMhJqPiYtuWpwWDT.jpg [aug#2],2,0,0.0
WIN_20220704_16_17_17_Pro_jpg.rf.5DU4gcSZpkY84ZmcaM6q.jpg [aug#1],2,0,0.0
WIN_20220704_16_17_17_Pro_jpg.rf.5DU4gcSZpkY84ZmcaM6q.jpg [aug#2],2,0,0.0
WIN_20220704_16_17_22_Pro_jpg.rf.6fSMTfnUSNwi7AHx1f0n.jpg [aug#1],2,3,0.0
WIN_20220704_16_17_22_Pro_jpg.rf.6fSMTfnUSNwi7AHx1f0n.jpg [aug#2],2,3,0.0
WIN_20220704_16_17_27_Pro_jpg.rf.UJRuO1382FZTHJCuw9qk.jpg [aug#2],2,3,0.0
WIN_20220704_16_20_33_Pro_jpg.rf.7LQSyqbSE0sLup6ImxPG.jpg [aug#1],1,2,0.0
WIN_20220704_16_20_33_Pro_jpg.rf.7LQSyqbSE0sLup6ImxPG.jpg [aug#2],1,2,0.0
WIN_20220704_16_20_37_Pro_jpg.rf.vPwq36cZ4lKG7HbQKn27.jpg [aug#1],1,0,0.0
WIN_20220704_16_20_37_Pro_jpg.rf.vPwq36cZ4lKG7HbQKn27.jpg [aug#2],1,2,0.0
WIN_20220704_16_20_43_Pro_jpg.rf.dWy2wWM51t7vCu1ha61g.jpg [aug#1],1,0,0.0
WIN_20220704_16_20_43_Pro_jpg.rf.dWy2wWM51t7vCu1ha61g.jpg [aug#2],1,0,0.0
WIN_20220704_16_20_53_Pro_jpg.rf.RHvq6ay1ECpEnJQfhbtu.jpg [aug#1],1,0,0.0
WIN_20220704_16_21_10_Pro_jpg.rf.d7Y3WBLU35ekiMMkVgOc.jpg [aug#1],0,1,0.0
WIN_20220704_16_21_10_Pro_jpg.rf.d7Y3WBLU35ekiMMkVgOc.jpg [aug#2],0,2,0.0
WIN_20220704_16_21_14_Pro_jpg.rf.XKFO2JGBRcdehuT2z0na.jpg [aug#1],0,4,0.0
WIN_20220704_16_27_57_Pro_jpg.rf.zX6nAdbCmPUHZzIuoXUE.jpg [aug#1],0,4,0.0
WIN_20220704_16_27_57_Pro_jpg.rf.zX6nAdbCmPUHZzIuoXUE.jpg [aug#2],0,4,0.0
WIN_20220704_16_36_02_Pro_jpg.rf.HOhTibD5iKOOmq5bvtBf.jpg [aug#2],4,1,0.0
WIN_20220704_16_36_44_Pro_jpg.rf.MXjKZTivSgwe6DzssXYU.jpg [aug#1],4,1,0.0
WIN_20220704_16_39_27_Pro_jpg.rf.NdLXQYpzXm4CTR5ATGG5.jpg [aug#1],4,0,0.0
WIN_20220704_16_39_27_Pro_jpg.rf.NdLXQYpzXm4CTR5ATGG5.jpg [aug#2],4,1,0.0
WIN_20220704_16_39_36_Pro_jpg.rf.fZzyduDhK1S017NUuIPI.jpg [aug#1],4,0,0.0
WIN_20220704_16_39_36_Pro_jpg.rf.fZzyduDhK1S017NUuIPI.jpg [aug#2],4,1,0.0
WIN_20220704_16_40_17_Pro_jpg.rf.BJeSxhYbaFOzikc8VupV.jpg [aug#2],4,0,0.0
WIN_20220704_16_40_46_Pro_jpg.rf.js0c0A214jR3YAWlPBGK.jpg [aug#1],4,1,0.0
WIN_20220704_16_40_51_Pro_jpg.rf.ODHaFEd9ELjPVH0RwEdZ.jpg [aug#2],4,1,0.0
WIN_20220704_16_49_50_Pro_jpg.rf.2W7klnPvcLCfcNiVARhT.jpg [aug#2],4,1,0.0
WIN_20220704_16_49_58_Pro_jpg.rf.nDilUo7JecedfOj6NSPO.jpg [aug#1],4,0,0.0
WIN_20220704_16_51_31_Pro_jpg.rf.efFnfj7vNygcTuU3Pm07.jpg [aug#1],4,0,0.0
WIN_20220704_16_51_47_Pro_jpg.rf.R7vNZWIXk38Y50xjF76p.jpg [aug#1],4,1,0.0
WIN_20220704_16_51_55_Pro_jpg.rf.NHGWifp42hSWuwQifce9.jpg [aug#2],4,0,0.0
WIN_20220704_16_52_47_Pro_jpg.rf.Zq5cxR7shiDLTGAJW4vC.jpg [aug#1],4,0,0.0
WIN_20220704_16_58_07_Pro_jpg.rf.wPaLJImadnidroy0oOVN.jpg [aug#1],4,0,0.0
WIN_20220704_16_58_07_Pro_jpg.rf.wPaLJImadnidroy0oOVN.jpg [aug#2],4,1,0.0
WIN_20220704_16_58_52_Pro_jpg.rf.hErGvSra89VAraiGX4DU.jpg [aug#2],4,0,0.0
WIN_20220704_16_59_05_Pro_jpg.rf.KxKuHzJc5MSgY36kt6cf.jpg [aug#1],4,1,0.0
WIN_20220704_16_59_40_Pro_jpg.rf.Bh14ZyTTXRzwawxFdcb7.jpg [aug#2],4,1,0.0
WIN_20220704_17_06_57_Pro_jpg.rf.QNOkyTM8riAXfDIzfAGl.jpg [aug#2],4,1,0.0
WIN_20220704_17_07_12_Pro_jpg.rf.8FT9BbIsmzTperRJ923d.jpg [aug#1],4,0,0.0
WIN_20220704_17_07_48_Pro_jpg.rf.Eo2ApdBOpjGI8QPDd7yJ.jpg [aug#1],4,1,0.0
WIN_20220704_17_08_03_Pro_jpg.rf.qKazjT9rSIP3AGD8IHXe.jpg [aug#1],4,1,0.0
WIN_20220704_17_08_38_Pro_jpg.rf.OZoWhyR3XX0lmaMLqKYC.jpg [aug#1],4,1,0.0
WIN_20220704_17_08_53_Pro_jpg.rf.wzCbW0VQ4jBqFxZvYHAE.jpg [aug#1],4,0,0.0
WIN_20220704_17_08_53_Pro_jpg.rf.wzCbW0VQ4jBqFxZvYHAE.jpg [aug#2],4,0,0.0
WIN_20220704_17_14_48_Pro_jpg.rf.o2FwLbUkPsQEUcSUTBgb.jpg [aug#2],4,0,0.0
WIN_20220704_17_15_01_Pro_jpg.rf.1g7YQ6doQCvyRz3kPYtN.jpg [aug#1],4,0,0.0
WIN_20220704_17_15_01_Pro_jpg.rf.1g7YQ6doQCvyRz3kPYtN.jpg [aug#2],4,0,0.0
WIN_20220704_17_15_22_Pro_jpg.rf.8uqNNsGqHqr4VHYEKhXy.jpg [aug#2],4,0,0.0
WIN_20220704_17_15_27_Pro_jpg.rf.xHB4hZipajMqIt9aW5ph.jpg [aug#1],4,1,0.0
WIN_20220705_13_51_48_Pro_jpg.rf.FTxEbOAQwEVtQQpxXd59.jpg [aug#1],4,0,0.0
WIN_20220705_13_52_48_Pro_jpg.rf.qkKJyLipKBGKYH8yK9sd.jpg [aug#2],4,1,0.0
WIN_20220705_13_57_47_Pro_jpg.rf.LAlrPPp77I1ET3n9J7Ab.jpg [aug#1],4,1,0.0
WIN_20220705_13_58_27_Pro_jpg.rf.6FuyKIsfOv1Gh24S2KWj.jpg [aug#1],4,1,0.0
WIN_20220705_14_02_38_Pro_jpg.rf.CIkBroQ56DDE8fXZivRh.jpg [aug#2],4,0,0.0
WIN_20220705_14_04_30_Pro_jpg.rf.IVqk1qXWsxk4iirasEoC.jpg [aug#1],4,1,0.0
WIN_20220705_14_04_58_Pro_jpg.rf.TdUXQVaEkiJizuqqDBg4.jpg [aug#1],4,0,0.0
WIN_20220705_14_14_29_Pro_jpg.rf.GyIR9vrHPvKZJ0gIdApc.jpg [aug#1],4,1,0.0
WIN_20220705_14_14_29_Pro_jpg.rf.GyIR9vrHPvKZJ0gIdApc.jpg [aug#2],4,1,0.0
WIN_20220705_14_19_28_Pro_jpg.rf.B2sojDx5CyBLTAbezjQo.jpg [aug#2],4,1,0.0
WIN_20220705_14_19_33_Pro_jpg.rf.8AoIpPa8iLfaxN0NpA74.jpg [aug#2],4,0,0.0
WIN_20220705_14_20_45_Pro_jpg.rf.jY0tsquHB2HGfxfOn4OV.jpg [aug#1],4,0,0.0
WIN_20220705_14_34_52_Pro_jpg.rf.VNW3LMv2cDLnR8aKOJii.jpg [aug#1],4,1,0.0
WIN_20220705_15_22_01_Pro_jpg.rf.iDKSF5651QrzNyEjWdLJ.jpg [aug#1],4,1,0.0
WIN_20220705_15_22_01_Pro_jpg.rf.iDKSF5651QrzNyEjWdLJ.jpg [aug#2],4,1,0.0
WIN_20220705_15_38_51_Pro_jpg.rf.zaw6rhLib3S8rlU3Xr7X.jpg [aug#1],4,0,0.0
WIN_20220705_15_38_51_Pro_jpg.rf.zaw6rhLib3S8rlU3Xr7X.jpg [aug#2],4,0,0.0
WIN_20220705_15_42_30_Pro_jpg.rf.D8gjQyhqIbLlluCWy4MC.jpg [aug#2],4,0,0.0
WIN_20220705_15_42_37_Pro_jpg.rf.Q5dQdt4BDHdar5cCMFe5.jpg [aug#1],4,1,0.0
WIN_20220705_15_42_37_Pro_jpg.rf.Q5dQdt4BDHdar5cCMFe5.jpg [aug#2],4,1,0.0
WIN_20220705_15_42_44_Pro_jpg.rf.BHNU2XLz2NvdPUheytXz.jpg [aug#2],4,0,0.0
WIN_20220705_15_44_07_Pro_jpg.rf.gz9esPq5XQR2xpZ0oMKn.jpg [aug#1],4,0,0.0
WIN_20220705_15_44_07_Pro_jpg.rf.gz9esPq5XQR2xpZ0oMKn.jpg [aug#2],4,0,0.0
WIN_20220705_15_44_14_Pro_jpg.rf.2f1yifYUDamI8NW4cH6k.jpg [aug#2],4,1,0.0
WIN_20220705_15_44_43_Pro_jpg.rf.7jhuhry9t0ghefxqjuEt.jpg [aug#1],4,0,0.0
WIN_20220705_15_44_49_Pro_jpg.rf.L14xbQ4vxE3aYeFnsGYK.jpg [aug#1],4,0,0.0
WIN_20220705_15_45_07_Pro_jpg.rf.niXO2vqBtjxWgaJhgrTF.jpg [aug#1],4,1,0.0
WIN_20220705_15_45_12_Pro_jpg.rf.rba1C0aE7D4W7HbzjFSQ.jpg [aug#1],4,0,0.0
WIN_20220705_15_45_16_Pro_jpg.rf.DNDPtWou4Q3JL7mtyJOk.jpg [aug#1],4,1,0.0
WIN_20220705_15_49_36_Pro_jpg.rf.jImmYQ3KkTCgc2F6a8TN.jpg [aug#1],4,1,0.0
WIN_20220705_15_49_36_Pro_jpg.rf.jImmYQ3KkTCgc2F6a8TN.jpg [aug#2],4,0,0.0
WIN_20220705_15_49_48_Pro_jpg.rf.XbUlDK4Ldz32Q0hrka23.jpg [aug#2],4,0,0.0
WIN_20220705_15_50_04_Pro_jpg.rf.5UDfuiGOw3pjcNd9gNVq.jpg [aug#1],4,0,0.0
WIN_20220705_15_53_50_Pro_jpg.rf.ukqRIQDRmYzwBBPEwKm2.jpg [aug#2],4,1,0.0
WIN_20220705_15_54_04_Pro_jpg.rf.Hyw0msvh4MiPBEFWY12X.jpg [aug#1],4,1,0.0
WIN_20220705_15_55_51_Pro_jpg.rf.DBVAOOON9cNjqb6GzhmC.jpg [aug#2],4,1,0.0
WIN_20220705_15_56_45_Pro_jpg.rf.KqMi3KRDC2s5cBhbFHUO.jpg [aug#2],4,0,0.0
WIN_20220713_16_16_51_Pro_jpg.rf.VkI3tktcwhkpPNB0LuRO.jpg [aug#2],3,4,0.0
WIN_20220713_16_17_01_Pro_jpg.rf.0Y6lViwao1PL8Q1dsrAB.jpg [aug#1],3,0,0.0
WIN_20220713_16_17_01_Pro_jpg.rf.0Y6lViwao1PL8Q1dsrAB.jpg [aug#2],3,4,0.0
WIN_20220713_16_17_09_Pro_jpg.rf.4iZQzlySdfFAXgApokZF.jpg [aug#1],3,2,0.0
WIN_20220713_16_17_09_Pro_jpg.rf.4iZQzlySdfFAXgApokZF.jpg [aug#2],3,0,0.0
WIN_20221108_15_37_55_Pro_jpg.rf.rKyEuCuZy6dTGq7KqOy7.jpg [aug#1],3,0,0.0
WIN_20221108_15_37_55_Pro_jpg.rf.rKyEuCuZy6dTGq7KqOy7.jpg [aug#2],3,0,0.0
WIN_20221108_15_38_00_Pro_jpg.rf.ulrLbTYxxElNl9XhbsDs.jpg [aug#1],3,2,0.0
WIN_20221108_15_38_00_Pro_jpg.rf.ulrLbTYxxElNl9XhbsDs.jpg [aug#2],3,0,0.0
WIN_20221108_15_38_08_Pro_jpg.rf.SPCDE3SQ1OyKc98G1pdk.jpg [aug#2],3,1,0.0
WIN_20221108_15_39_15_Pro_jpg.rf.flyuIyiah18VRsUy5bXs.jpg [aug#1],3,0,0.0
WIN_20221108_15_39_46_Pro_jpg.rf.2Dgh9GOqZJ6kdj8IDN8w.jpg [aug#1],1;3,3,0.5
WIN_20221108_15_39_46_Pro_jpg.rf.2Dgh9GOqZJ6kdj8IDN8w.jpg [aug#2],1;3,4,0.0
WIN_20221108_15_41_55_Pro_jpg.rf.cMxOME53Sai1tXd3sOdH.jpg [aug#1],0,1,0.0
WIN_20221108_15_41_55_Pro_jpg.rf.cMxOME53Sai1tXd3sOdH.jpg [aug#2],0,1,0.0
WIN_20221108_15_42_03_Pro_jpg.rf.iY1SnII3v2REOvNBFLkm.jpg [aug#1],3;0,4,0.0
WIN_20221108_15_42_03_Pro_jpg.rf.iY1SnII3v2REOvNBFLkm.jpg [aug#2],3;0,0,0.5
WIN_20221108_15_42_09_Pro_jpg.rf.93Alt4JCutlk7Ivt4IER.jpg [aug#1],1;3,1,0.5
WIN_20221108_15_42_09_Pro_jpg.rf.93Alt4JCutlk7Ivt4IER.jpg [aug#2],1;3,4,0.0
WIN_20221108_15_42_36_Pro_jpg.rf.dXfEFlheUxyZvQWoNwzD.jpg [aug#1],1;0,1,0.5
WIN_20221108_15_42_36_Pro_jpg.rf.dXfEFlheUxyZvQWoNwzD.jpg [aug#2],1;0,3,0.0
WIN_20221108_15_45_44_Pro_jpg.rf.WDmwl8AARyr31TuRSBYC.jpg [aug#1],0,2,0.0
WIN_20221108_15_45_44_Pro_jpg.rf.WDmwl8AARyr31TuRSBYC.jpg [aug#2],0,3,0.0
WIN_20221108_15_45_51_Pro_jpg.rf.YW4ARxPCdTxRcuuaEP5t.jpg [aug#1],0;3,3,0.5
WIN_20221108_15_45_51_Pro_jpg.rf.YW4ARxPCdTxRcuuaEP5t.jpg [aug#2],0;3,3,0.5
WIN_20221108_15_45_58_Pro_jpg.rf.hpgJdfOjfSujPIn6JSBm.jpg [aug#1],3;0,3,0.5
WIN_20221108_15_45_58_Pro_jpg.rf.hpgJdfOjfSujPIn6JSBm.jpg [aug#2],3;0,3,0.5
WIN_20221108_15_46_06_Pro_jpg.rf.Vx2J0MnEO8GDnQooXPCt.jpg [aug#1],0,3,0.0
WIN_20221108_15_46_06_Pro_jpg.rf.Vx2J0MnEO8GDnQooXPCt.jpg [aug#2],0,2,0.0
WIN_20221108_15_46_15_Pro_jpg.rf.TOltKeL37Vn722E5kfXc.jpg [aug#1],0,3,0.0
WIN_20221108_15_46_39_Pro_jpg.rf.IqmJQkQPctcyhcqyKzQz.jpg [aug#2],3,0,0.0
WIN_20221108_15_46_44_Pro_jpg.rf.3XvGzfRpuRqRIoCaywza.jpg [aug#1],3,0,0.0
WIN_20221108_15_46_48_Pro_jpg.rf.pW3DfgtPgFwhCf0QYpKv.jpg [aug#1],3,2,0.0
WIN_20221108_15_46_48_Pro_jpg.rf.pW3DfgtPgFwhCf0QYpKv.jpg [aug#2],3,4,0.0
WIN_20221108_15_48_28_Pro_jpg.rf.cTBWodIctLUtDwYyy30d.jpg [aug#1],3,2,0.0
WIN_20221108_15_48_28_Pro_jpg.rf.cTBWodIctLUtDwYyy30d.jpg [aug#2],3,1,0.0
WIN_20221108_15_48_34_Pro_jpg.rf.0unn2hLLsneHJwkXuuFb.jpg [aug#1],3,1,0.0
WIN_20221108_15_48_34_Pro_jpg.rf.0unn2hLLsneHJwkXuuFb.jpg [aug#2],3,1,0.0
WIN_20221108_15_48_39_Pro_jpg.rf.ILhEd3oXIFUiX5ck6Hmr.jpg [aug#1],3,1,0.0
WIN_20221108_15_48_39_Pro_jpg.rf.ILhEd3oXIFUiX5ck6Hmr.jpg [aug#2],3,0,0.0
WIN_20221108_15_48_57_Pro_jpg.rf.3HAKq1bBxtgRTyuEVhzK.jpg [aug#1],3;1,3,0.5
WIN_20221108_15_48_57_Pro_jpg.rf.3HAKq1bBxtgRTyuEVhzK.jpg [aug#2],3;1,0,0.0
WIN_20221108_15_49_03_Pro_jpg.rf.pButnZc3nVF3XB1TRHMJ.jpg [aug#2],1,2,0.0
WIN_20221108_15_49_07_Pro_jpg.rf.JqK26PVSwGrWOn4kDN0V.jpg [aug#1],1,3,0.0
WIN_20221108_15_49_07_Pro_jpg.rf.JqK26PVSwGrWOn4kDN0V.jpg [aug#2],1,0,0.0
WIN_20221108_15_49_13_Pro_jpg.rf.cEgjIv8qD7OvMIopbfQi.jpg [aug#2],3,1,0.0
WIN_20221108_15_50_19_Pro_jpg.rf.glH4EEMgqdb88Xw49qrs.jpg [aug#1],3,2,0.0
WIN_20221108_15_50_24_Pro_jpg.rf.JA3Nrj7YrsHsNuhBER8B.jpg [aug#1],3,0,0.0
WIN_20221108_15_50_24_Pro_jpg.rf.JA3Nrj7YrsHsNuhBER8B.jpg [aug#2],3,1,0.0
WIN_20221108_15_50_28_Pro_jpg.rf.oFvmhJKFpWJy2TtTNNhM.jpg [aug#1],3,2,0.0
WIN_20221108_15_50_28_Pro_jpg.rf.oFvmhJKFpWJy2TtTNNhM.jpg [aug#2],3,0,0.0
WIN_20221108_15_57_09_Pro_jpg.rf.gDvFKbdTtYIyMo4ZQuEE.jpg [aug#1],1,0,0.0
WIN_20221108_15_57_09_Pro_jpg.rf.gDvFKbdTtYIyMo4ZQuEE.jpg [aug#2],1,0,0.0
WIN_20221108_15_57_16_Pro_jpg.rf.Bax2Xpmg6hM23RCtVG5N.jpg [aug#1],1,4,0.0
WIN_20221108_15_57_37_Pro_jpg.rf.sg4MveQyFld0yPN95Kyp.jpg [aug#1],1,0,0.0
WIN_20221108_15_57_41_Pro_jpg.rf.ehM53pJfSicAgsXt0y32.jpg [aug#1],1,0,0.0
WIN_20221108_15_57_41_Pro_jpg.rf.ehM53pJfSicAgsXt0y32.jpg [aug#2],1,0,0.0
WIN_20221108_16_02_35_Pro_jpg.rf.CY82fQejdGAVhloREIWU.jpg [aug#1],3,2,0.0
WIN_20221108_16_02_35_Pro_jpg.rf.CY82fQejdGAVhloREIWU.jpg [aug#2],3,1,0.0
WIN_20221108_16_02_38_Pro_jpg.rf.C0kfmWKrVtj4GGhsv9Ki.jpg [aug#1],3,0,0.0
WIN_20221108_16_02_38_Pro_jpg.rf.C0kfmWKrVtj4GGhsv9Ki.jpg [aug#2],3,0,0.0
WIN_20221108_16_03_22_Pro_jpg.rf.LAMfmnqOC7GWUfI2CGwg.jpg [aug#2],3,2,0.0
WIN_20221108_16_03_56_Pro_jpg.rf.4IPKz4z3qa0xjjPFOvUa.jpg [aug#1],1,0,0.0
WIN_20221108_16_04_02_Pro_jpg.rf.58WQbJiXaXXjqYafSdbn.jpg [aug#1],1,0,0.0
WIN_20221108_16_04_02_Pro_jpg.rf.58WQbJiXaXXjqYafSdbn.jpg [aug#2],1,0,0.0
WIN_20221108_16_04_06_Pro_jpg.rf.KTyrVYhGexF6jt1vbf8x.jpg [aug#1],1,0,0.0
WIN_20221108_16_04_06_Pro_jpg.rf.KTyrVYhGexF6jt1vbf8x.jpg [aug#2],1,0,0.0
WIN_20221108_16_06_00_Pro_jpg.rf.2QKgzaLa9zFmdZH4yMcK.jpg [aug#2],3,0,0.0
WIN_20221108_16_06_05_Pro_jpg.rf.VUitSs0aN9qqgAUWLFcI.jpg [aug#1],3,0,0.0
WIN_20221108_16_06_09_Pro_jpg.rf.TFAiNNOrYkbyH5b9Rh5R.jpg [aug#2],3,0,0.0
WIN_20221108_16_07_07_Pro_jpg.rf.VggewlFmd8S1zn4vTldM.jpg [aug#1],1,0,0.0
WIN_20221108_16_07_07_Pro_jpg.rf.VggewlFmd8S1zn4vTldM.jpg [aug#2],1,0,0.0
WIN_20221108_16_08_49_Pro_jpg.rf.zhBM4stI8C6YBlFnHVYy.jpg [aug#1],3,0,0.0
WIN_20221108_16_08_57_Pro_jpg.rf.l0LKm3DZD8pvboVgtH0z.jpg [aug#2],3,2,0.0
